#mpa_v20 (source: GMHI_2020 4347_final_relative_abundances.txt, sample Healthy_641, SAMEA104142355)
#clade_name	relative_abundance
k__Bacteria|s__Bacteroides_stercoris	36.88295
k__Bacteria|s__Bacteroides_uniformis	16.18238
k__Bacteria|s__Eubacterium_eligens	8.15874
k__Bacteria|s__Bacteroides_vulgatus	7.33926
k__Bacteria|s__Parabacteroides_merdae	7.21284
k__Bacteria|s__Faecalibacterium_prausnitzii	4.38744
k__Bacteria|s__Bifidobacterium_longum	3.1729
k__Bacteria|s__Bacteroides_caccae	2.69614
k__Bacteria|s__Parabacteroides_distasonis	2.39869
k__Bacteria|s__Streptococcus_salivarius	1.42743
k__Bacteria|s__Haemophilus_parainfluenzae	1.21853
k__Bacteria|s__Streptococcus_parasanguinis	1.15446
k__Bacteria|s__Ruminococcus_torques	0.95758
k__Bacteria|s__Burkholderiales_bacterium_1_1_47	0.87766
k__Bacteria|s__Clostridium_bolteae	0.55317
k__Bacteria|s__Bacteroides_salyersiae	0.52674
k__Bacteria|s__Bacteroides_massiliensis	0.48209
k__Bacteria|s__Bacteroides_cellulosilyticus	0.44804
k__Bacteria|s__Roseburia_inulinivorans	0.37277
k__Bacteria|s__Escherichia_coli	0.34004
k__Bacteria|s__Bacteroides_thetaiotaomicron	0.29716
k__Bacteria|s__Clostridium_hathewayi	0.28132
k__Bacteria|s__Odoribacter_splanchnicus	0.25852
k__Bacteria|s__Bacteroides_ovatus	0.19979
k__Bacteria|s__Bacteroides_intestinalis	0.18427
k__Bacteria|s__Alistipes_shahii	0.15313
k__Bacteria|s__Coprobacillus_unclassified	0.13396
k__Bacteria|s__Parasutterella_excrementihominis	0.12864
k__Bacteria|s__Ruminococcus_gnavus	0.10489
k__Bacteria|s__Oscillibacter_unclassified	0.10059
k__Bacteria|s__Clostridium_bartlettii	0.09558
k__Bacteria|s__Bacteroides_nordii	0.08742
k__Bacteria|s__Bacteroides_fragilis	0.08265
k__Bacteria|s__Clostridium_clostridioforme	0.07819
k__Bacteria|s__Escherichia_unclassified	0.07006
k__Bacteria|s__Alistipes_onderdonkii	0.06931
k__Bacteria|s__Lactobacillus_mucosae	0.06246
k__Bacteria|s__Dorea_formicigenerans	0.06214
k__Bacteria|s__Lachnospiraceae_bacterium_3_1_46FAA	0.06195
k__Bacteria|s__Subdoligranulum_unclassified	0.05167
k__Bacteria|s__Alistipes_indistinctus	0.04523
k__Bacteria|s__Flavonifractor_plautii	0.04433
k__Bacteria|s__Dorea_longicatena	0.0316
k__Bacteria|s__Eubacterium_rectale	0.03017
k__Bacteria|s__Erysipelotrichaceae_bacterium_2_2_44A	0.02735
k__Bacteria|s__Streptococcus_gordonii	0.025
k__Bacteria|s__Fusobacterium_mortiferum	0.02408
k__Bacteria|s__Dorea_unclassified	0.02308
k__Bacteria|s__Clostridium_citroniae	0.0227
k__Bacteria|s__Klebsiella_pneumoniae	0.02014
k__Bacteria|s__Veillonella_unclassified	0.01974
k__Bacteria|s__Veillonella_parvula	0.01888
k__Bacteria|s__Bifidobacterium_pseudocatenulatum	0.01722
k__Bacteria|s__Clostridium_symbiosum	0.01637
k__Bacteria|s__Collinsella_intestinalis	0.01615
k__Bacteria|s__Lachnospiraceae_bacterium_2_1_58FAA	0.01535
k__Bacteria|s__Veillonella_dispar	0.01474
k__Bacteria|s__Lactobacillus_saerimneri	0.01426
k__Bacteria|s__Lachnospiraceae_bacterium_3_1_57FAA_CT1	0.01366
k__Bacteria|s__Bacteroides_finegoldii	0.01301
k__Bacteria|s__Megasphaera_unclassified	0.01251
k__Bacteria|s__Ruminococcus_obeum	0.01127
k__Bacteria|s__Streptococcus_infantis	0.01081
k__Bacteria|s__Streptococcus_sanguinis	0.01058
k__Bacteria|s__Lachnospiraceae_bacterium_5_1_63FAA	0.01052
k__Bacteria|s__Anaerostipes_unclassified	0.00968
k__Bacteria|s__Streptococcus_anginosus	0.0095
k__Bacteria|s__Bifidobacterium_dentium	0.00907
k__Bacteria|s__Collinsella_unclassified	0.00831
k__Bacteria|s__Streptococcus_vestibularis	0.00778
k__Bacteria|s__Granulicatella_unclassified	0.0068
k__Bacteria|s__Bacteroides_xylanisolvens	0.00574
k__Bacteria|s__Lactobacillus_salivarius	0.00561
k__Bacteria|s__Rothia_mucilaginosa	0.00533
k__Bacteria|s__Clostridiales_bacterium_1_7_47FAA	0.00515
k__Bacteria|s__Streptococcus_cristatus	0.0051
k__Bacteria|s__Streptococcus_australis	0.00504
k__Bacteria|s__Lachnospiraceae_bacterium_7_1_58FAA	0.00461
k__Bacteria|s__Actinobacillus_unclassified	0.00456
k__Bacteria|s__Erysipelotrichaceae_bacterium_6_1_45	0.00449
k__Bacteria|s__Prevotella_copri	0.00414
k__Bacteria|s__Clostridium_asparagiforme	0.00395
k__Bacteria|s__Streptococcus_thermophilus	0.00368
k__Bacteria|s__Eggerthella_unclassified	0.00345
k__Bacteria|s__Granulicatella_adiacens	0.00338
k__Bacteria|s__Alloscardovia_omnicolens	0.00334
k__Bacteria|s__Erysipelotrichaceae_bacterium_21_3	0.00281
k__Bacteria|s__Atopobium_parvulum	0.00266
k__Bacteria|s__Prevotella_disiens	0.00233
k__Bacteria|s__Rothia_unclassified	0.00202
k__Bacteria|s__Eubacterium_hallii	0.00179
k__Bacteria|s__Coprococcus_comes	0.00168
k__Bacteria|s__Prevotella_timonensis	0.00126
k__Bacteria|s__Bacteroides_dorei	0.00124
k__Bacteria|s__Collinsella_aerofaciens	0.001
k__Bacteria|s__Clostridium_ramosum	0.00099
k__Bacteria|s__Streptococcus_mitis_oralis_pneumoniae	0.00063
k__Bacteria|s__Porphyromonas_asaccharolytica	0.00035
k__Bacteria|s__Anaerostipes_caccae	0.00023
