# SYNTHETIC demo matrix: log2 LFQ intensities, DIA-MS plasma, not a real measurement
Protein.Group	Genes	Sample_B01
P02768	ALB	22.210
P02741	CRP	19.961
P01023	A2M	26.462
P02647	APOA1	18.942
P04114	APOB	24.966
P02787	TF	22.754
P00738	HP	18.754
P02671	FGA	24.597
P02675	FGB	18.487
P02679	FGG	23.637
P01009	SERPINA1	18.908
P02766	TTR	
P05546	SERPIND1	19.179
P06727	APOA4	23.519
P02649	APOE	28.749
P0C0L4	C4A	19.609
P01024	C3	20.902
P08603	CFH	26.157
P02751	FN1	30.320
P04196	HRG	25.502
P10909	CLU	23.157
P02790	HPX	30.691
P01008	SERPINC1	18.606
P00747	PLG	
P04004	VTN	29.160
P02774	GC	21.765
P06396	GSN	19.875
P19827	ITIH1	19.531
P19823	ITIH2	22.010
P01011	SERPINA3	28.610
